device,kept_frac,total_halfwords_counted,pop_pc_per_1k,bx_lr_per_1k,mov_pc_lr_per_1k,push_lr_per_1k
2DUE6002,0.5923081745235708,37794,1.0054506006244377,0.0,0.0,0.9789913742922157
2DUE8000,0.615632576466667,134834,1.5648871946245013,0.014833053977483425,0.014833053977483425,0.6823204829642375
2SCE6010,0.6837554045707227,28782,0.9380863039399625,0.0,0.0,0.5906469321103467
DUE5000,0.9185312907224359,115599,0.9256135433697523,0.07785534476941842,0.060554157042880995,0.9775171065493646
DUE6001,0.6707554679251693,201395,0.620670821023362,0.014896099704560689,0.014896099704560689,0.6306015541597358
DUE6002,0.548471718196066,65442,0.8404388618929739,0.0,0.0,1.268298646129397
DUE6100,0.8914343035631275,218610,0.9514660811490783,0.08233841086867023,0.06404098623118797,1.0475275604958603
DUE8000,0.6037921605198923,267396,2.0157369594159973,0.007479543448667894,0.007479543448667894,0.7629134317641251
SCE6010,0.699635439218918,50089,0.6388628241729721,0.0,0.0,0.6188983609175668
